method,avg_frac_cell_type,avg_frac_tissue_general,avg_frac_donor_id
mean,0.8346777358570024,0.0,0.0649903580776052
aucell_style,0.8647898458749711,0.0,0.04166010948165282
bg_adjusted,0.8483401268065817,0.0,0.051986854123609094
